"","ID","Description","GeneRatio","BgRatio","pvalue","p.adjust","qvalue","geneID","Count","metabs_mean","FoldEnrich","query"
"map00240","map00240","Pyrimidine metabolism","6/26","64/2402",4.28277559424937e-05,0.000942210630734862,0.000721309573768315,"C00475/C00380/C00239/C00364/C00365/C00299",6,0.701943876843364,8.66105769230769,"cytidine/cytosine/dcmp/dtmp/dump/uridine"
"map00230","map00230","Purine metabolism","6/26","101/2402",0.000552737919461032,0.00444894122845068,0.00340588802178043,"C00147/C00020/C00360/C00330/C00144/C00130",6,0.778824723802482,5.48819497334349,"adenine/amp/damp/deoxyguanosine/gmp/imp"
"map00270","map00270","Cysteine and methionine metabolism","5/26","67/2402",0.000606673803879638,0.00444894122845068,0.00340588802178043,"C00041/C02291/C00021/C00979/C00019",5,0.523203043196263,6.89437428243398,"alanine/cystathionine/s-adenosyl-l-homocysteine/o-acetyl-l-serine/s-adenosyl-l-methionine"
"map00260","map00260","Glycine, serine and threonine metabolism","4/26","48/2402",0.00152017690786983,0.00836097299328408,0.0064007448752414,"C02291/C00581/C00213/C00188",4,0.66141863560786,7.69871794871795,"cystathionine/guanidoacetic acid/sarcosine/threonine"
"map00330","map00330","Arginine and proline metabolism","3/26","69/2402",0.0367785817756444,0.149269446226767,0.114273260269295,"C00581/C00019/C00213",3,0.841896534321089,4.01672240802676,"guanidoacetic acid/s-adenosyl-l-methionine/sarcosine"
"map00770","map00770","Pantothenate and CoA biosynthesis","2/26","30/2402",0.0407098489709365,0.149269446226767,0.114273260269295,"C00010/C00864",2,0.737915444709825,6.15897435897436,"coenzyme a/pantothenate"
